,Date,Open,High,Low,Close,Volume,Turnover,Unadjusted Close,Dividend,adjusted_close,21_day_sma,above_21_sma,55_day_sma,above_55_sma,200_day_sma,above_200_sma,21day_rsi,above_21_sma_spy,above_55_sma_spy,above_200_sma_spy,21day_rsi_spy,#SPXADR_close,#NDXADR_close,#SPXMCOSC_close,#NDXMCOSC_close,#NDXZWBT_close,#SPXZWBT_close,#OEX%MA50_close,#OEX%MA200_close,#M2FED3_close,#M2FED2_close,#CBOEPCE_close,$VIX_close
3601,2025-02-11,251.19589,255.47414,249.45801,254.72583,2638761.0,668325060.0,258.7,0.0,254.72583,225.98001461937315,1,225.89652571244673,1,198.9175277709961,1,1,1,1,1,0,1.08,0.72,-1.7043,18.6317,0.552,0.49,59.41,66.34,3.37,0.34,0.5254,16.02
3602,2025-02-12,252.45131,255.60214,251.2402,251.35835,3270271.5,826949250.0,255.28,0.0,251.35835,227.94085039411272,1,226.26632052334872,1,199.37524093627928,1,1,1,1,1,0,0.46,0.91,-21.2947,10.8355,0.542,0.481,56.44,66.34,3.37,0.34,0.5566,15.89
3603,2025-02-13,251.13188,261.91367,251.08266,261.00778,3920162.0,1012566850.0,265.08,0.0,261.00778,230.32742454892113,1,226.79175914417613,1,199.8816396331787,1,1,1,1,1,0,3.66,4.32,9.1167,37.779,0.547,0.477,62.38,66.34,3.37,0.34,0.767,15.1
3604,2025-02-14,262.59308,267.24057,260.33826,266.6547,4910995.5,1301980500.0,270.815,0.0,266.6547,232.98196120489212,1,227.38954412286932,1,200.41486038208006,1,1,1,1,1,0,0.74,0.8,-1.0256,23.9931,0.555,0.496,60.4,63.37,3.37,0.34,0.4616,14.77
3605,2025-02-18,265.85223,266.58954,258.51666,259.16653,3939834.2,1028480700.0,263.21,0.0,259.16653,235.20724269321985,1,227.8215692693537,1,200.91102996826172,1,1,1,1,1,0,2.53,2.16,19.5342,35.8486,0.581,0.532,59.41,66.34,3.37,0.34,0.5041,15.35
3606,2025-02-19,258.66437,260.19055,255.83844,259.30438,3847119.0,993451900.0,263.35,0.0,259.30438,237.2881106422061,1,228.1672665682706,1,201.40155654907227,1,1,1,1,1,0,1.43,1.3,24.1234,33.9246,0.573,0.54,61.39,66.34,3.37,0.34,0.5972,15.27
3607,2025-02-20,258.95975,261.66257,258.13266,261.32288,2838674.0,739669250.0,265.4,0.0,261.32288,239.44071597144716,1,228.51099465110084,1,201.90490333557128,1,1,1,1,1,0,0.88,0.74,16.0801,18.2485,0.538,0.517,62.38,67.33,3.37,0.34,0.5921,15.66
3608,2025-02-21,261.35736,263.5482,259.4521,261.09644,3609852.0,943673540.0,265.17,0.0,261.09644,241.64396158854166,1,228.83735767711292,1,202.4086279296875,1,1,0,1,1,0,0.32,0.23,-13.2938,-19.0081,0.5,0.49,58.42,68.32,3.37,0.34,0.6261,18.21
3609,2025-02-24,263.8534,269.19998,263.45462,264.01096,4205939.0,1117682400.0,268.13,0.0,264.01096,244.08633277529762,1,229.2546650279652,1,202.93778732299805,1,1,0,0,1,0,1.3,0.69,-6.2703,-28.5793,0.519,0.52,60.4,68.32,3.37,0.34,0.583,18.98
3610,2025-02-25,265.09406,268.51074,264.1553,266.38394,3571328.2,949599200.0,270.54,0.0,266.38394,246.52307710193452,1,229.71458046653055,1,203.47968841552733,1,1,0,0,1,0,1.44,0.55,2.1566,-41.9763,0.478,0.522,59.41,67.33,3.37,0.34,0.6396,19.43
3611,2025-02-26,262.08304,263.39062,257.93573,259.53082,4543235.0,1180559000.0,263.58,0.0,259.53082,248.4993852887835,1,230.08158125443893,1,203.98420654296876,1,1,0,0,1,0,0.66,0.84,-10.0134,-43.3198,0.482,0.509,59.41,66.34,3.37,0.34,0.6024,19.1
3612,2025-02-27,259.18625,262.19922,258.11298,260.1118,3617560.5,940378430.0,264.17,0.0,260.1118,250.51695542108445,1,230.4437488902699,1,204.48261825561522,1,1,0,0,1,0,0.59,0.26,-22.7917,-69.0044,0.455,0.515,56.44,62.38,3.37,0.34,0.6767,21.13
3613,2025-02-28,263.05582,266.7309,260.70456,266.43454,4778785.5,1264235500.0,269.69,0.0,266.43454,252.178715297154,1,230.9237401788885,1,205.01498176574708,1,1,0,0,1,0,6.84,5.67,16.4709,-26.4118,0.459,0.524,62.38,64.36,3.37,0.34,0.6144,19.63
3614,2025-03-03,266.03937,273.15244,266.03937,269.53662,4074560.5,1101347200.0,272.83,0.0,269.53662,254.02476501464844,1,231.7272383256392,1,205.5669959259033,1,1,0,0,1,0,0.5,0.36,-4.1592,-48.1304,0.441,0.515,55.45,64.36,3.52,0.33,0.6418,22.78
3615,2025-03-04,269.81818,271.63104,261.2579,261.45538,4751938.5,1257297300.0,264.65,0.0,261.45538,255.55163646879652,1,232.3007374156605,1,206.0831826019287,1,0,0,0,1,0,0.2,0.66,-37.9786,-53.5878,0.412,0.46,47.52,56.44,3.52,0.33,0.6069,23.51
3616,2025-03-05,257.8593,260.3588,254.37193,259.56842,5224077.5,1350552300.0,262.74,0.0,259.56842,256.7481195359003,1,232.82488985928623,1,206.58861938476562,1,0,0,0,1,0,2.98,3.04,-8.7362,-22.3425,0.431,0.476,51.49,59.41,3.52,0.33,0.5383,21.93
3617,2025-03-06,258.32364,260.78357,256.1996,259.7759,3316673.0,858958100.0,262.95,0.0,259.7759,257.9943375360398,1,233.37197043678978,1,207.0907096862793,1,0,0,0,1,0,0.49,0.26,-25.5887,-49.9714,0.409,0.462,44.55,56.44,3.52,0.33,0.6521,24.87
3618,2025-03-07,259.26218,263.38828,258.1803,262.03824,3330045.5,869192450.0,265.24,0.0,262.03824,259.10540844145277,1,233.98399464000354,1,207.60206588745118,1,0,0,0,1,0,2.21,2.06,-4.0093,-26.8096,0.458,0.506,52.48,59.41,3.52,0.33,0.5657,23.37
3619,2025-03-10,260.80334,268.31158,260.16614,263.41147,5236683.5,1385590300.0,266.63,0.0,263.41147,260.0596240815662,1,234.66520579944958,1,208.1207753753662,1,0,0,0,0,-1,0.44,0.26,-23.8012,-53.4069,0.437,0.48,44.55,51.49,3.52,0.33,0.5979,27.86
3620,2025-03-11,255.67598,256.77832,249.46686,253.57172,5234313.0,1330100100.0,256.67,0.0,253.57172,260.5888853527251,0,235.32433832341974,1,208.58804542541503,1,0,0,0,0,-1,0.3,0.63,-48.0505,-58.0588,0.44,0.445,37.62,43.56,3.52,0.33,0.5695,26.92
3621,2025-03-12,251.43777,253.8582,245.26321,252.5245,4031699.2,1011122900.0,255.61,0.0,252.5245,260.6186283656529,0,235.96478881835938,1,209.0445265197754,1,0,0,0,0,-1,0.56,1.1,-55.8406,-47.8844,0.447,0.441,32.67,43.56,3.52,0.33,0.6245,24.23
3622,2025-03-13,253.63098,260.1019,253.16666,255.97238,4247844.5,1089006500.0,259.1,0.0,255.97238,260.67798796154204,0,236.7160858154297,1,209.5208285522461,1,0,0,0,0,-1,0.35,0.23,-72.0347,-72.6093,0.445,0.43,33.66,39.6,3.52,0.33,0.9386,24.66
3623,2025-03-14,250.4301,254.35216,249.44217,252.89003,3553954.2,898330940.0,255.98,0.0,252.89003,260.7509249732608,0,237.36998512961648,1,209.97670181274415,1,0,0,0,0,0,9.27,11.62,-21.3058,-20.1187,0.452,0.433,36.63,46.53,3.52,0.33,0.5724,21.77
3624,2025-03-17,251.22043,258.60522,249.87685,257.02948,4382649.5,1121905900.0,260.17,0.0,257.02948,260.56148202078685,0,238.07497863769532,1,210.44689140319824,1,0,0,0,0,0,10.41,7.42,23.1506,20.9009,0.514,0.491,41.58,49.5,3.52,0.33,0.5917,20.51
3625,2025-03-18,258.2446,258.81763,254.70782,257.5827,3126671.5,803292160.0,260.73,0.0,257.5827,260.12948245093935,0,238.76586275967685,1,210.9121996307373,1,0,0,0,0,0,0.48,0.22,2.28,-14.4288,0.492,0.506,40.59,47.52,3.52,0.33,0.5773,21.7
3626,2025-03-19,259.12387,259.32144,255.63649,256.12054,2962957.2,759986370.0,259.25,0.0,256.12054,259.98443530854723,0,239.41816739169033,1,211.36133201599122,1,0,0,0,0,0,2.74,3.59,25.2077,15.8325,0.495,0.505,43.56,50.5,3.52,0.33,0.5361,19.9
3627,2025-03-20,255.21165,255.87358,253.31485,253.92735,3774714.0,959832450.0,257.03,0.0,253.92735,259.72838628859745,0,240.04241138805043,1,211.7754906463623,1,0,0,0,0,0,0.56,0.46,7.2463,-4.9079,0.506,0.508,42.57,50.5,3.52,0.33,0.6066,19.8
3628,2025-03-21,251.36862,255.32034,251.25995,252.75172,9319691.0,2355473400.0,255.84,0.0,252.75172,259.3202362060547,0,240.6875302401456,1,212.19296356201173,1,0,0,0,0,0,0.43,0.85,-13.683,-8.2996,0.485,0.469,41.58,50.5,3.52,0.33,0.5496,19.28
3629,2025-03-24,255.68587,257.6815,254.49048,255.83405,2932490.5,750251300.0,258.96,0.0,255.83405,259.06964619954425,0,241.38743813254615,1,212.6022314453125,1,0,1,0,1,0,5.44,7.42,22.6741,30.9608,0.552,0.523,44.55,57.43,3.52,0.33,0.4768,17.48
3630,2025-03-25,254.01627,257.9581,253.32474,255.62659,3024518.2,773826370.0,258.75,0.0,255.62659,258.6703905378069,0,242.10505704012783,1,212.99892265319824,1,0,1,0,1,0,0.77,1.4,12.7839,34.6706,0.572,0.543,44.55,58.42,3.52,0.33,0.6475,17.15
3631,2025-03-26,257.3851,261.75177,257.3061,259.34122,4741166.0,1232686300.0,262.51,0.0,259.34122,258.33502269926527,1,242.89773365367543,1,213.41663177490236,1,0,0,0,0,0,1.13,0.54,13.7577,14.2534,0.554,0.561,44.55,55.45,3.52,0.33,0.7055,18.33
3632,2025-03-27,259.74628,265.496,259.74628,265.04156,4280176.5,1131292900.0,268.28,0.0,265.04156,258.5974389939081,1,243.9145369096236,1,213.8625981903076,1,0,0,0,0,0,0.75,0.75,4.3135,4.7254,0.578,0.577,41.58,52.48,3.52,0.33,0.7238,18.69
3633,2025-03-28,267.0767,267.56076,261.08984,261.732,3363254.2,882775550.0,264.93,0.0,261.732,258.67459179106214,1,244.8719715465199,1,214.2877628326416,1,0,0,0,0,0,0.22,0.12,-28.5772,-35.5536,0.497,0.505,31.68,48.51,3.52,0.33,0.6843,21.65
3634,2025-03-31,261.51465,264.86374,261.40973,263.4905,4122964.8,1084878100.0,266.71,0.0,263.4905,258.5343998500279,1,245.80435985218395,1,214.73291717529298,1,0,0,0,0,0,3.58,1.22,3.509,-25.7055,0.464,0.492,35.64,50.5,3.52,0.33,0.5812,22.28
3635,2025-04-01,262.7397,265.4565,259.45978,265.29843,3062349.0,806392260.0,268.54,0.0,265.29843,258.33258129301527,1,246.8451679576527,1,215.20965202331544,1,0,0,0,0,0,1.46,2.06,12.1314,-4.8301,0.514,0.519,37.62,49.5,4.02,0.62,0.5284,21.77
3636,2025-04-02,265.2589,265.26868,259.25232,261.36646,3005746.8,786080200.0,264.56,0.0,261.36646,258.3283466157459,1,247.77581620649858,1,215.6602727508545,1,0,1,0,0,0,3.45,3.59,37.6151,23.9337,0.514,0.523,32.67,52.48,4.02,0.62,0.5899,21.51
3637,2025-04-03,261.99875,269.30942,261.74188,264.65628,5721182.0,1518924500.0,267.89,0.0,264.65628,258.57062566848026,1,248.75338994806464,1,216.1230397796631,1,0,0,0,0,0,0.23,0.23,0.6051,-10.8109,0.501,0.506,31.68,40.59,4.02,0.62,1.0151,30.02
3638,2025-04-04,264.67603,266.39502,244.38396,245.11504,8045603.5,2020830000.0,248.11,0.0,245.11504,257.8724888392857,0,249.37531016956677,0,216.4813040924072,1,0,0,0,0,-1,0.03,0.02,-47.1825,-57.4832,0.457,0.479,12.87,21.78,4.02,0.62,0.6411,45.31
3639,2025-04-07,240.2248,253.85237,239.87901,243.69241,8248543.5,2019306200.0,246.67,0.0,243.69241,256.9988781156994,0,249.9436154452237,0,216.83133071899414,1,0,0,0,0,-1,0.47,0.84,-58.7157,-53.5362,0.414,0.426,6.93,20.79,4.02,0.62,0.6343,46.98
3640,2025-04-08,249.26433,250.73634,240.91634,243.32689,6091557.0,1495294100.0,246.3,0.0,243.32689,256.042469569615,0,250.4476287841797,0,217.18525047302245,1,0,0,0,0,-1,0.16,0.15,-86.4379,-82.5671,0.369,0.396,4.95,19.8,4.02,0.62,0.7695,52.33
3641,2025-04-09,240.06671,252.4751,235.76921,251.82306,8695339.0,2150989800.0,254.9,0.0,251.82306,255.9592001778739,0,251.09680869362572,1,217.58023315429688,1,0,0,0,0,0,54.89,100.0,-25.2151,-20.8371,0.433,0.442,13.86,37.62,4.02,0.62,0.5776,33.62
3642,2025-04-10,253.03822,257.09216,248.39494,253.02834,5472627.0,1386159500.0,256.12,0.0,253.02834,255.98319208054315,0,251.79135520241476,1,217.97527694702148,1,0,0,0,0,0,0.17,0.1,-56.2132,-58.0528,0.399,0.413,15.84,28.71,4.02,0.62,0.757,40.72
3643,2025-04-11,254.52013,256.98004,252.54771,255.54758,4036193.5,1028468800.0,258.67,0.0,255.54758,255.9629632859003,0,252.57001731178977,1,218.3844815826416,1,0,0,0,0,0,6.83,4.94,-9.951,-15.3245,0.471,0.483,16.83,32.67,4.02,0.62,0.4303,37.56
3644,2025-04-14,256.36755,261.96912,255.39935,259.46967,3892530.2,1010810600.0,262.64,0.0,259.46967,256.27627926781065,1,253.37469648881392,1,218.81975090026856,1,0,0,0,0,0,6.17,2.74,28.4831,11.3838,0.489,0.49,21.78,33.66,4.02,0.62,0.6767,30.89
3645,2025-04-15,261.27756,264.7254,260.00323,263.4905,3168759.5,835308500.0,266.71,0.0,263.4905,256.58394731794084,1,254.2012811834162,1,219.26969703674317,1,0,0,0,0,0,0.65,1.2,14.667,15.3506,0.476,0.471,21.78,32.67,4.02,0.62,0.7174,30.12
3646,2025-04-16,263.01138,264.04373,255.8291,256.50586,3403787.5,881058750.0,259.64,0.0,256.50586,256.5326690673828,0,254.90606384277345,1,219.69078300476073,1,0,0,0,0,0,0.15,0.03,-23.5926,-32.8197,0.401,0.406,18.81,30.69,4.02,0.62,0.7151,32.64
3647,2025-04-17,256.5849,262.19437,255.9625,258.8769,3532204.8,918155140.0,262.04,0.0,258.8769,256.6639237176804,1,255.40314220081677,1,220.1095443725586,1,0,0,0,0,0,3.25,2.03,7.1601,-9.8115,0.449,0.464,24.75,30.69,4.02,0.62,0.5406,29.65
3648,2025-04-21,257.24683,258.5805,247.8417,250.42021,3701021.5,930901950.0,253.48,0.0,250.42021,256.49691699800036,0,255.76042646928266,0,220.48162170410157,1,0,0,0,0,0,0.08,0.1,-35.3228,-48.1795,0.456,0.469,13.86,26.73,4.02,0.62,0.6688,33.82
3649,2025-04-22,250.08432,256.18973,249.946,255.182,4820695.5,1224474200.0,258.3,0.0,255.182,256.6126447405134,0,256.2293523615057,0,220.88494010925294,1,0,0,0,0,0,54.89,202.0,18.9882,10.3458,0.511,0.535,18.81,33.66,4.02,0.62,0.5431,30.57
3650,2025-04-23,250.93393,259.43506,249.61998,256.21936,4618093.5,1181685200.0,259.35,0.0,256.21936,256.63099307105654,0,256.62529934969814,0,221.2896314239502,1,0,0,0,0,0,2.6,3.59,39.3185,38.5511,0.576,0.594,20.79,32.67,4.02,0.62,0.5423,28.45
3651,2025-04-24,256.61453,260.60577,254.9548,259.0152,5108831.5,1316634000.0,262.18,0.0,259.0152,256.7923554920015,1,257.0872969193892,1,221.7086442565918,1,0,1,0,0,0,4.18,5.73,64.9815,69.4045,0.562,0.576,27.72,37.62,4.02,0.62,0.6419,26.47
3652,2025-04-25,240.2149,240.86693,227.85591,229.9602,13727062.0,3183703000.0,232.77,0.0,229.9602,255.39325968424478,0,256.9282870205966,0,221.98296882629396,1,0,1,0,0,0,0.69,1.89,46.8394,75.6352,0.618,0.602,28.71,39.6,4.02,0.62,0.4642,24.84
3653,2025-04-28,228.89323,234.45529,228.74504,233.91193,5897040.0,1370551300.0,236.77,0.0,233.91193,253.91089593796502,0,256.7562685879794,0,222.26986434936524,1,0,1,0,0,0,1.99,1.4,56.7094,73.6536,0.594,0.582,28.71,40.59,4.02,0.62,0.5747,25.15
3654,2025-04-29,233.85265,238.98988,232.57822,238.67374,3948481.8,934612600.0,241.59,0.0,238.67374,252.81288364955358,0,256.68747780539775,0,222.58893013000488,1,0,1,0,0,0,2.83,2.74,72.2352,86.4425,0.594,0.569,33.66,43.56,4.02,0.62,0.5503,24.17
3655,2025-04-30,241.77583,244.5618,238.80217,243.96902,4494794.5,1091611400.0,246.95,0.0,243.96902,251.88328915550596,0,256.54328002929685,0,222.93090301513672,1,0,1,0,0,0,1.77,1.89,75.1165,89.024,0.605,0.594,37.62,42.57,4.02,0.62,0.6655,24.7
3656,2025-05-01,242.30931,244.11723,239.47395,244.01843,3647433.8,886527940.0,247.0,0.0,244.01843,250.86995588030135,0,256.34860007546166,0,223.2623169708252,1,0,1,0,0,0,0.74,0.87,55.9616,71.9742,0.648,0.623,37.62,43.56,3.99,0.26,0.5213,24.6
3657,2025-05-02,244.73961,247.19957,243.25772,245.87575,2835430.8,696783400.0,248.88,0.0,245.87575,250.13230314708892,0,256.248916348544,0,223.59700332641603,1,0,1,1,0,0,10.43,7.42,87.9274,98.6209,0.669,0.638,58.42,48.51,3.99,0.26,0.4903,22.68
3658,2025-05-05,245.7967,246.35982,243.52446,245.30273,2339784.8,573202050.0,248.3,0.0,245.30273,249.21070571172805,0,255.9633700284091,0,223.92598869323731,1,0,1,1,0,0,0.59,0.66,60.6402,72.3959,0.7,0.667,52.48,47.52,3.99,0.26,0.6,23.64
3659,2025-05-06,244.52226,251.09201,244.20615,250.73634,2938636.8,731159300.0,253.8,0.0,250.73634,249.47838701520647,1,255.67394547895952,0,224.28835182189943,1,0,1,0,0,0,0.4,0.39,28.2756,38.0076,0.628,0.597,51.49,43.56,3.99,0.26,0.6388,24.76
3660,2025-05-07,249.65952,250.65732,247.25883,248.227,4091609.2,1017924000.0,251.26,0.0,248.227,249.69431995210192,0,255.4750449440696,0,224.63934173583985,1,0,1,1,0,0,2.6,2.7,44.3191,53.4155,0.623,0.597,55.45,47.52,3.99,0.26,0.5409,23.55
3661,2025-05-08,249.1359,249.5854,244.45312,244.50252,3564059.2,877472400.0,247.49,0.0,244.50252,249.75030226934524,0,255.20592013272372,0,224.99425010681153,1,0,1,1,0,0,2.27,2.61,55.0148,65.5995,0.61,0.586,59.41,47.52,3.99,0.26,0.5434,22.48
3662,2025-05-09,244.50252,245.16432,240.72862,240.86693,3318660.0,804047040.0,243.81,0.0,240.86693,249.22858174641928,0,254.83399380770598,0,225.3352833557129,1,0,1,1,0,0,0.92,0.63,42.4845,42.0254,0.583,0.593,63.37,48.51,3.99,0.26,0.5327,21.9
3663,2025-05-12,235.93718,237.42894,233.15121,237.41907,5438711.5,1282949800.0,240.32,0.0,237.41907,248.48528326125373,0,254.403496204723,0,225.65746376037598,1,0,1,1,1,1,4.4,6.77,65.0327,70.1742,0.612,0.608,65.35,55.45,3.99,0.26,0.4976,18.39
3664,2025-05-13,236.37186,237.3746,233.05241,234.47504,4770354.5,1119767600.0,237.34,0.0,234.47504,247.48182896205358,0,253.8664794921875,0,225.973480758667,1,0,1,1,1,1,0.95,1.59,51.2149,68.1481,0.6,0.583,62.38,53.47,3.99,0.26,0.5543,18.22
3665,2025-05-14,231.01729,232.70665,229.4366,232.44978,4219980.0,976042240.0,235.29,0.0,232.44978,246.19516790480841,0,253.24949479536576,0,226.27746452331542,1,0,1,1,1,1,0.42,0.84,19.8419,50.2334,0.58,0.548,61.39,51.49,3.99,0.26,0.4124,18.62
3666,2025-05-15,234.25769,239.51347,233.56615,237.261,5278735.5,1252984800.0,240.16,0.0,237.261,244.9461437406994,0,252.84458895596592,0,226.59895240783692,1,0,1,1,1,1,2.93,1.46,38.0715,48.5265,0.593,0.58,69.31,53.47,3.99,0.26,0.5175,17.83
3667,2025-05-16,237.61665,240.38286,235.7544,239.73082,4455956.5,1065115200.0,242.66,0.0,239.73082,244.14733232770647,0,252.47402593439276,0,226.9401725769043,1,0,1,1,1,1,7.82,3.55,67.5827,65.4186,0.583,0.578,72.28,57.43,3.99,0.26,0.4288,17.24
3668,2025-05-19,240.06671,243.05026,239.9778,241.30162,4289734.0,1035425300.0,244.25,0.0,241.30162,243.31041463216147,0,252.01706376509233,0,227.2554109954834,1,0,1,1,1,1,1.03,1.59,54.6089,62.9204,0.605,0.592,73.27,56.44,3.99,0.26,0.4821,18.14
3669,2025-05-20,242.16112,242.66498,236.23355,238.29832,4846561.5,1153821200.0,241.21,0.0,238.29832,242.73318190801712,0,251.4490947376598,0,227.53221183776856,1,0,1,1,1,1,0.53,0.8,27.0433,43.6381,0.621,0.598,75.25,56.44,3.99,0.26,0.5624,18.09
3670,2025-05-21,238.29832,240.29393,236.12488,237.85374,4160436.2,990528300.0,240.76,0.0,237.85374,241.90802655901228,0,251.01997403231533,0,227.79852653503417,1,0,1,1,1,1,0.04,0.06,-27.6749,-11.6803,0.554,0.529,67.33,54.46,3.99,0.26,0.5499,20.87
3671,2025-05-22,238.61446,239.13806,236.5497,237.91304,3239744.5,770880200.0,240.82,0.0,237.91304,241.03629702613466,0,250.62623984596945,0,228.07437896728516,1,0,1,1,1,1,0.59,0.8,-40.6078,-20.4153,0.526,0.497,63.37,54.46,3.99,0.26,0.7471,20.28
3672,2025-05-23,238.10072,240.41249,235.70007,239.94817,4225025.0,1009540160.0,242.88,0.0,239.94817,240.1283431280227,0,250.2657354181463,0,228.34578720092773,1,0,1,1,1,0,0.52,0.35,-54.3608,-46.4835,0.514,0.483,62.38,54.46,3.99,0.26,0.5999,22.29
3673,2025-05-27,240.84717,242.91689,239.29613,240.42236,3763173.8,907116350.0,243.36,0.0,240.42236,240.6265411376953,0,249.87271950461647,0,228.61599708557128,1,0,1,1,1,1,13.76,15.83,-7.0208,-0.2225,0.52,0.495,72.28,58.42,3.99,0.26,0.5224,18.96
3674,2025-05-28,240.16551,240.57056,238.15013,238.5947,2498772.0,596801300.0,241.51,0.0,238.5947,240.84953017461868,0,249.42150545987215,0,228.86230209350586,1,0,1,1,1,0,0.2,0.31,-43.4023,-30.9653,0.483,0.463,67.33,56.44,3.99,0.26,0.5792,19.31
3675,2025-05-29,238.90097,238.90097,233.88228,236.41138,3165946.5,747050050.0,239.3,0.0,236.41138,240.74179876418341,0,249.1094992897727,0,229.0948056793213,1,0,1,1,1,0,2.48,1.02,-19.3411,-30.3629,0.488,0.505,67.33,58.42,3.99,0.26,0.5271,19.18
3676,2025-05-30,237.5616,241.2701,236.42128,240.15952,8384116.0,2012031100.0,242.2,0.0,240.15952,240.56039356050036,0,248.88468128551136,0,229.3423828125,1,0,1,1,1,0,1.09,1.1,-17.8613,-27.7159,0.481,0.482,72.28,60.4,3.99,0.26,0.5673,18.57
3677,2025-06-02,237.55168,241.31966,236.88731,241.01227,2600940.2,625154900.0,243.06,0.0,241.01227,240.41724286760603,1,248.61267922141334,0,229.5923656463623,1,0,1,1,1,0,0.88,1.73,-21.8961,-14.423,0.466,0.44,74.26,55.45,4.22,0.53,0.5838,18.36
3678,2025-06-03,239.93146,242.37073,239.396,241.82538,3661701.0,883747600.0,243.88,0.0,241.82538,240.224368140811,1,248.41150373979048,0,229.84074211120605,1,0,1,1,1,0,2.54,3.39,-0.2297,10.876,0.482,0.461,71.29,55.45,4.22,0.53,0.515,17.69
3679,2025-06-04,242.4203,243.13425,239.91162,239.92155,3443341.2,830168450.0,241.96,0.0,239.92155,239.96812148321243,0,248.10045055042613,0,230.08869400024415,1,0,1,1,1,0,0.64,1.1,-14.417,7.6997,0.49,0.466,71.29,56.44,4.22,0.53,0.521,17.61
3680,2025-06-05,239.85213,244.18532,239.1283,242.83678,2879995.2,698404200.0,244.9,0.0,242.83678,239.59195164271765,1,247.8323428067294,0,230.34178520202636,1,0,1,1,1,1,0.6,0.74,-27.875,-4.9555,0.527,0.5,68.32,55.45,4.22,0.53,0.6286,18.48
3681,2025-06-06,244.8001,245.46445,242.45998,243.7887,2039820.0,497145950.0,245.86,0.0,243.7887,239.38060360863096,1,247.60812738591974,0,230.59464866638183,1,0,1,1,1,1,4.89,6.77,6.1917,28.8035,0.569,0.545,78.22,59.41,4.22,0.53,0.5474,16.77
3682,2025-06-09,242.5988,242.85661,235.866,235.94533,4577122.0,1086700800.0,237.95,0.0,235.94533,238.9731183733259,0,247.2811814741655,0,230.81494506835938,1,0,1,1,1,1,1.1,1.06,4.6538,21.8799,0.595,0.563,80.2,60.4,4.22,0.53,0.5154,17.16
3683,2025-06-10,235.00333,235.76685,232.69296,234.98349,3799194.2,890378800.0,236.98,0.0,234.98349,238.69295465378534,0,246.95812266956676,0,231.03414833068848,1,0,1,1,1,1,1.93,2.26,16.7839,33.6726,0.57,0.536,87.13,62.38,4.22,0.53,0.5734,16.95
3684,2025-06-11,234.31914,234.49763,227.8739,228.99438,6766621.0,1553238900.0,230.94,0.0,228.99438,238.29177929106214,0,246.4701288396662,0,231.2186142730713,0,0,1,1,1,0,0.52,0.39,-4.7333,2.2801,0.575,0.554,84.16,61.39,4.22,0.53,0.5222,17.26
3685,2025-06-12,230.53133,230.53133,225.60321,226.77325,5414577.5,1228209900.0,228.7,0.0,226.77325,237.92502775646392,0,245.94552279385653,0,231.38151092529296,0,0,1,1,1,0,1.49,1.2,2.7097,1.8835,0.578,0.542,86.14,62.38,4.22,0.53,0.5782,18.02
3686,2025-06-13,226.57494,227.73508,224.24474,226.07916,4417284.5,999026800.0,228.0,0.0,226.07916,237.62166486467635,0,245.34075816761364,0,231.53189147949217,0,0,1,1,1,0,0.16,0.11,-36.9039,-43.0194,0.536,0.504,78.22,62.38,4.22,0.53,0.6076,20.82
3687,2025-06-16,226.33696,229.65874,225.89075,229.04398,3809896.5,869293600.0,230.99,0.0,229.04398,237.23037792387464,0,244.68625654740768,0,231.67949363708496,0,0,1,1,1,0,2.62,3.81,-12.1396,-11.8894,0.552,0.53,77.23,60.4,4.22,0.53,0.5092,19.11
3688,2025-06-17,220.03053,220.62549,218.14655,219.5645,12529195.0,2751305000.0,221.43,0.0,219.5645,236.27007693336122,0,243.91957480690695,0,231.7925090789795,0,0,1,1,1,0,0.21,0.15,-45.7414,-51.5504,0.487,0.476,71.29,55.45,4.22,0.53,0.6136,21.6
3689,2025-06-18,220.35281,221.12128,218.70183,219.12822,5647832.5,1241913200.0,220.99,0.0,219.12822,235.21420070103235,0,243.11298772638494,0,231.90984619140625,0,-1,1,1,1,0,0.91,0.57,-44.1818,-61.7105,0.471,0.484,69.31,57.43,4.22,0.53,0.9791,20.14
3690,2025-06-20,220.23878,221.3196,219.03897,219.65375,9012639.0,1982630300.0,221.52,0.0,219.65375,234.32636369977678,0,242.28308438387785,0,232.0332939147949,0,0,1,1,1,0,1.48,0.72,-30.6178,-64.4524,0.471,0.506,70.3,56.44,4.22,0.53,0.5436,20.62
3691,2025-06-23,221.12128,225.71228,220.61061,225.06775,7532487.5,1683026700.0,226.98,0.0,225.06775,233.71750677199591,0,241.62310791015625,0,232.17493263244629,0,0,1,1,1,0,3.91,3.81,1.1733,-29.2666,0.463,0.503,74.26,55.45,4.22,0.53,0.5437,19.83
3692,2025-06-24,225.6726,228.39944,224.68103,227.88383,5172014.0,1176241300.0,229.82,0.0,227.88383,233.23992556617372,0,240.95451798872514,0,232.33913833618163,0,0,1,1,1,0,3.06,5.31,24.0588,5.9141,0.495,0.526,74.26,57.43,4.22,0.53,0.5626,17.48
3693,2025-06-25,227.48718,229.34143,226.83176,228.95471,5474888.5,1251781000.0,230.9,0.0,228.95471,232.7164277576265,0,240.66069391424006,0,232.5166453552246,0,0,1,1,1,1,0.37,0.49,-4.6085,-15.5211,0.459,0.487,70.3,56.44,4.22,0.53,0.5263,16.76
3694,2025-06-26,229.05388,229.64555,227.07072,229.47034,4379272.5,1001450600.0,231.42,0.0,229.47034,232.19490269252233,0,240.40211070667613,0,232.7172354888916,0,0,1,1,1,0,2.86,3.04,17.7709,8.8036,0.506,0.527,76.24,59.41,4.22,0.53,0.5284,16.59
3695,2025-06-27,228.77625,234.34889,228.47876,233.26808,6551449.5,1526129400.0,235.25,0.0,233.26808,231.9412543887184,1,240.21922329989346,0,232.92553161621095,1,0,1,1,1,1,2.07,1.56,30.1828,15.3097,0.513,0.535,76.24,61.39,4.22,0.53,0.5162,16.32
3696,2025-06-30,232.51448,236.60968,232.25697,236.25272,5162166.0,1215535500.0,238.26,0.0,236.25272,231.93369910830543,1,239.9361261541193,0,233.1428643798828,1,0,1,1,1,1,2.3,3.04,42.8349,35.0434,0.578,0.591,77.23,63.37,4.22,0.53,0.5053,16.73
3697,2025-07-01,236.40146,241.23042,236.06927,239.47533,4575096.0,1095662500.0,241.51,0.0,239.47533,231.901118687221,1,239.6897078080611,0,233.366303024292,1,0,1,1,1,1,3.05,1.66,59.0763,38.8693,0.561,0.593,88.12,68.32,4.48,0.39,0.5084,16.83
3698,2025-07-02,237.97806,238.96516,234.80502,235.41978,3443443.2,813106000.0,237.42,0.0,235.41978,231.63480994814918,1,239.32374794699928,0,233.55047958374024,1,0,1,1,1,1,1.34,1.17,54.6832,33.5697,0.602,0.633,80.2,68.32,4.48,0.39,0.5474,16.64
3699,2025-07-03,234.96863,239.3167,234.6067,238.72174,2015827.9,479481600.0,240.75,0.0,238.72174,231.48701767694382,1,238.9465129505504,0,233.7491056060791,1,0,1,1,1,1,2.36,3.21,63.5604,51.1084,0.642,0.656,88.12,72.28,4.48,0.39,0.4779,16.38
3700,2025-07-07,237.94832,238.24083,234.6067,235.62804,2983538.5,704435260.0,237.63,0.0,235.62804,231.2825644356864,1,238.43992254083807,0,233.9174485015869,1,0,1,1,1,0,0.23,0.31,19.6113,13.3732,0.624,0.615,81.19,66.34,4.48,0.39,0.5812,17.79
3701,2025-07-08,234.22,234.79509,231.64189,233.98201,3046650.2,711270900.0,235.97,0.0,233.98201,230.8609088716053,1,238.03039800470526,0,234.09301361083985,0,0,1,1,1,1,1.16,1.46,16.5367,16.6863,0.604,0.589,80.2,68.32,4.48,0.39,0.5575,16.81
3702,2025-07-09,232.95076,233.21849,229.4505,230.35284,3971898.2,915309060.0,232.31,0.0,230.35284,230.22110639299666,1,237.51177895285866,0,234.27996406555175,0,0,1,1,1,0,1.51,1.35,20.3846,17.4554,0.577,0.574,77.23,69.31,4.48,0.39,0.5561,15.94
3703,2025-07-10,229.54967,229.54967,225.10742,226.22789,5575972.0,1264626000.0,228.15,0.0,226.22789,229.7583712623233,0,237.07191855690695,0,234.43176940917968,0,0,1,1,1,1,2.36,1.17,33.6728,14.5999,0.599,0.617,77.23,68.32,4.48,0.39,0.5211,15.78
3704,2025-07-11,226.45596,227.17981,224.19518,225.84117,3120209.0,704121000.0,227.76,0.0,225.84117,229.3230227515811,0,236.53844881924715,0,234.5826222229004,0,0,1,1,1,0,0.28,0.34,-3.3937,-16.4043,0.549,0.565,71.29,66.34,4.48,0.39,0.5344,16.4
3705,2025-07-14,225.77177,227.70236,225.56354,226.22789,3144758.8,711976900.0,228.15,0.0,226.22789,229.19128490629652,0,235.993149358576,0,234.7205940246582,0,0,1,1,1,0,1.33,1.5,0.1027,-8.3411,0.548,0.555,72.28,67.33,4.48,0.39,0.5133,17.2
3706,2025-07-15,224.76036,225.1669,223.38206,224.11584,3458918.5,775630500.0,226.02,0.0,224.11584,229.06474158877418,0,235.35861566716974,0,234.85300926208495,0,0,1,1,1,0,0.11,0.36,-44.5179,-34.6727,0.499,0.495,65.35,61.39,4.48,0.39,0.569,17.38
3707,2025-07-16,224.5918,227.4376,224.55708,226.81293,5842353.5,1322132000.0,228.74,0.0,226.81293,229.0996827625093,0,235.3013924338601,0,234.9897366333008,0,0,1,1,1,1,2.21,1.35,-23.1454,-26.3197,0.495,0.488,68.32,63.37,4.48,0.39,0.5325,17.16
3708,2025-07-17,225.69244,227.35828,224.03651,225.11732,3539149.5,797287500.0,227.03,0.0,225.11732,228.9126993815104,0,235.14149058948863,0,235.11828033447264,0,0,1,1,1,1,2.91,2.7,0.7816,-3.4721,0.514,0.505,65.35,62.38,4.48,0.39,0.6464,16.52
3709,2025-07-18,226.78317,226.8635,224.33398,225.29582,3805764.8,857411700.0,227.21,0.0,225.29582,229.1856195359003,0,234.8982557816939,0,235.2382489013672,0,0,1,1,1,1,1.02,1.04,-2.7648,-5.92,0.488,0.485,65.35,61.39,4.48,0.39,0.4811,16.41
3710,2025-07-21,227.89374,231.99886,227.67062,230.66023,4468708.0,1029945340.0,232.62,0.0,230.66023,229.7347630092076,1,234.65627774325284,0,235.37925102233888,0,0,1,1,1,1,0.57,1.33,-19.9282,-1.9834,0.522,0.503,61.39,62.38,4.48,0.39,0.5101,16.65
3711,2025-07-22,231.67165,236.15356,230.81888,231.28493,4038461.0,936793500.0,233.25,0.0,231.28493,230.28862871442522,1,234.42475946599788,0,235.52465202331544,0,0,1,1,1,1,4.28,1.78,10.3175,8.3923,0.526,0.53,70.3,64.36,4.48,0.39,0.5495,16.5
3712,2025-07-23,231.2056,232.9706,228.77625,231.95918,5668792.0,1312309600.0,233.93,0.0,231.95918,230.61679222470238,1,234.17173101251777,0,235.66371139526368,0,0,1,1,1,1,2.14,1.63,23.2412,15.2216,0.531,0.538,74.26,66.34,4.48,0.39,0.551,15.37
3713,2025-07-24,241.94437,249.62907,241.44858,245.41487,8696499.0,2141800800.0,247.5,0.0,245.41487,231.45160348074776,1,234.17376986416903,1,235.8702944946289,1,0,1,1,1,1,0.76,1.22,9.0117,13.9845,0.532,0.511,70.3,65.35,4.48,0.39,0.5685,15.39
3714,2025-07-25,246.16846,247.80457,241.05194,241.49815,5249611.5,1275530900.0,243.55,0.0,241.49815,232.04891023181733,1,234.0058027787642,1,236.0560676574707,1,0,1,1,1,1,2.01,1.44,20.506,16.8569,0.565,0.556,72.28,63.37,4.48,0.39,0.7177,14.93
3715,2025-07-28,240.53633,240.90816,235.28098,236.1833,3734564.8,883294850.0,238.19,0.0,236.1833,232.36857532319567,1,233.78682639382103,1,236.21502128601074,0,0,1,1,1,1,0.39,0.91,-8.4147,7.7533,0.553,0.527,69.31,65.35,4.48,0.39,0.5754,15.03
3716,2025-07-29,237.15009,239.2671,235.7966,237.23438,3594021.8,852825700.0,239.25,0.0,237.23438,232.5574464343843,1,233.65467834472656,1,236.36529861450197,1,0,1,1,1,1,1.02,0.91,-10.5874,-0.0691,0.573,0.568,63.37,65.35,4.48,0.39,0.5686,15.98
3717,2025-07-30,237.30875,240.74455,236.57498,239.54475,4248825.5,1016215800.0,241.58,0.0,239.54475,232.7142101469494,1,233.6306388161399,1,236.5226148223877,1,0,1,1,1,0,0.46,0.69,-31.4553,-13.2817,0.557,0.53,57.43,63.37,4.48,0.39,0.5906,15.48
3718,2025-07-31,237.36328,240.01079,236.11389,236.40146,4113861.2,977363100.0,238.41,0.0,236.40146,232.56783548990884,1,233.6121368408203,1,236.66735404968261,0,0,1,1,1,0,0.38,0.25,-53.132,-45.71,0.504,0.483,53.47,58.42,4.48,0.39,0.8382,16.72
3719,2025-08-01,238.41435,239.97112,234.9141,235.20164,3511018.5,828123500.0,237.2,0.0,235.20164,232.5574478876023,1,233.62534790039064,1,236.79829452514647,0,0,0,1,1,0,0.41,0.33,-70.0028,-68.2572,0.478,0.462,47.52,57.43,4.43,0.36,0.7491,20.38
3720,2025-08-04,235.7371,239.36626,235.08266,238.97954,3787360.5,899818700.0,241.01,0.0,238.97954,232.5697239467076,1,233.74407071200284,1,236.9340456390381,1,0,1,1,1,0,6.06,5.73,-27.1911,-26.7977,0.506,0.512,49.5,59.41,4.43,0.36,0.6066,17.52
3721,2025-08-05,238.90022,239.4555,234.8298,236.91707,3807654.5,901491650.0,238.93,0.0,236.91707,232.631106422061,1,233.7378173828125,1,237.05399024963378,0,0,0,1,1,0,0.82,0.4,-31.3692,-47.6515,0.47,0.475,50.5,59.41,4.43,0.36,0.5768,17.85
3722,2025-08-06,236.33205,239.86205,233.57545,237.20464,5204052.0,1235843200.0,239.22,0.0,237.20464,232.7845647902716,1,233.6918867631392,1,237.16198066711425,1,0,1,1,1,0,0.91,1.73,-31.9812,-30.5898,0.472,0.455,47.52,57.43,4.43,0.36,0.6231,16.77
3723,2025-08-07,237.59134,241.12631,236.49565,240.88336,4096333.5,980549000.0,242.93,0.0,240.88336,233.28601800827752,1,233.684282060103,1,237.27762168884277,1,0,1,1,1,0,0.97,0.92,-30.7624,-31.2562,0.465,0.461,51.49,59.41,4.43,0.36,0.5697,16.57
3724,2025-08-08,241.17093,244.67119,240.9032,242.91609,4297944.0,1045589570.0,244.98,0.0,242.91609,234.08069428943452,1,233.76824146617543,1,237.39724533081053,1,0,1,1,1,0,1.45,1.78,-19.7441,-15.6289,0.47,0.454,59.41,61.39,4.43,0.36,0.641,15.15
3725,2025-08-11,243.66971,246.91214,243.41188,246.77333,4010015.5,985393000.0,248.87,0.0,246.77333,235.07746378580728,1,233.93041576038706,1,237.5383135986328,1,0,1,1,1,0,0.55,0.42,-33.9305,-36.4864,0.452,0.461,54.46,60.4,4.43,0.36,0.6358,16.25
3726,2025-08-12,247.39803,250.46199,246.20813,250.1546,4660217.0,1162483600.0,252.28,0.0,250.1546,236.21683102562315,1,234.15298961292615,1,237.7147329711914,1,0,1,1,1,0,4.01,3.59,-1.2628,-5.6223,0.483,0.49,61.39,64.36,4.43,0.36,0.6001,14.73
3727,2025-08-13,250.37274,251.88986,248.34001,248.72673,3179366.5,792440700.0,250.84,0.0,248.72673,237.38877795991442,1,234.31259987571022,1,237.87449630737305,1,0,1,1,1,0,4.92,2.37,29.7359,12.8738,0.512,0.542,65.35,70.3,4.43,0.36,0.6251,14.49
3728,2025-08-14,249.4605,250.36778,247.17987,248.2012,2976774.5,740429700.0,250.31,0.0,248.2012,238.40726725260416,1,234.454033314098,1,237.96977363586427,1,0,1,1,1,0,0.39,0.45,1.1334,-10.6735,0.523,0.543,64.36,70.3,4.43,0.36,0.7487,14.83
3729,2025-08-15,249.00436,254.03166,248.19128,252.4848,3973025.8,1001396200.0,254.63,0.0,252.4848,239.71048046293714,1,234.70658069957386,1,238.12178855895996,1,1,1,1,1,0,0.68,1.24,-11.1517,-6.3074,0.554,0.554,63.37,71.29,4.43,0.36,0.4765,15.09
3730,2025-08-18,253.45654,254.56712,251.89977,253.03017,3337334.2,845400000.0,255.18,0.0,253.03017,241.03116353352866,1,235.00874051180753,1,238.26941734313965,1,1,1,1,1,0,0.86,0.94,-15.8113,-9.4736,0.517,0.514,63.37,71.29,4.43,0.36,0.5047,14.99
3731,2025-08-19,253.00041,256.28253,252.05843,256.04456,3672821.8,938077400.0,258.22,0.0,256.04456,242.2399408249628,1,235.2975594260476,1,238.44075172424317,1,1,1,1,1,0,2.38,0.87,4.5537,-14.1135,0.535,0.54,68.32,72.28,4.43,0.36,0.5889,15.57
3732,2025-08-20,257.75006,259.3564,256.55026,256.8279,3908849.0,1007449600.0,259.01,0.0,256.8279,243.4562733968099,1,235.58511657714843,1,238.6320928955078,1,1,1,1,1,0,1.09,0.65,3.6695,-25.1508,0.511,0.544,69.31,71.29,4.43,0.36,0.6583,15.69
3733,2025-08-21,255.88591,257.31378,254.84476,255.98506,3358737.5,859757900.0,258.16,0.0,255.98506,244.60036286853608,1,235.8425653631037,1,238.81730674743653,1,0,0,1,1,0,0.47,0.49,-17.1373,-40.8559,0.496,0.527,65.35,69.31,4.43,0.36,0.6167,16.6
3734,2025-08-22,257.7699,259.04904,249.0242,249.82738,4018976.0,1012523460.0,251.95,0.0,249.82738,244.81048220679872,1,236.02267123135653,1,238.97114349365233,1,0,1,1,1,0,5.45,4.05,17.5799,-6.8814,0.512,0.552,72.28,76.24,4.43,0.36,0.4965,14.22
3735,2025-08-25,250.9677,251.25525,247.77483,249.61916,4332161.5,1080001800.0,251.74,0.0,249.61916,245.1971965971447,1,236.1459872159091,1,239.11918083190918,1,0,1,1,1,0,0.24,0.25,-17.6786,-38.1949,0.502,0.536,68.32,73.27,4.43,0.36,0.5459,14.79
3736,2025-08-26,249.4605,249.70839,247.31671,249.0837,6570575.5,1634900600.0,251.2,0.0,249.0837,245.81150091262091,1,236.24225990988992,1,239.25051109313964,1,0,1,1,1,0,1.06,1.06,-15.8784,-33.0937,0.476,0.508,68.32,74.26,4.43,0.36,0.5465,14.62
3737,2025-08-27,247.67566,250.14468,247.46744,249.24236,3239697.8,807165000.0,251.36,0.0,249.24236,246.38330950055803,1,236.48402404785156,1,239.3577146911621,1,0,1,1,1,0,2.17,1.89,2.7061,-14.7054,0.471,0.493,70.3,73.27,4.43,0.36,0.5277,14.85
3738,2025-08-28,248.60774,249.5299,247.27904,248.4491,3625671.5,900963400.0,250.56,0.0,248.4491,246.8073258172898,1,236.72885326038707,1,239.46438583374024,1,0,1,1,1,0,0.8,1.44,-5.3697,-5.2564,0.499,0.51,67.33,73.27,4.43,0.36,0.7464,14.43
3739,2025-08-29,247.8023,251.902,247.63693,250.74773,3220818.2,806409600.0,251.99,0.0,250.74773,247.490481422061,1,237.12436856356535,1,239.56381118774414,1,0,1,1,1,0,1.3,0.46,-0.2716,-24.4681,0.475,0.526,65.35,72.28,4.43,0.36,0.5581,15.36
3740,2025-09-02,250.45418,257.38483,249.96161,254.6285,4075657.5,1039697150.0,255.89,0.0,254.6285,248.41556948707216,1,237.63082747025922,1,239.66787475585937,1,1,1,1,1,0,0.3,0.27,-29.2447,-51.4548,0.447,0.503,61.39,71.29,4.49,0.47,0.6801,17.17
3741,2025-09-03,252.0612,253.15579,250.08102,251.41441,3842014.8,965203460.0,252.66,0.0,251.41441,249.00770641508558,1,238.09146839488636,1,239.7525321960449,1,0,1,1,1,0,0.82,0.87,-32.0043,-48.7366,0.447,0.477,58.42,70.3,4.49,0.47,0.6148,16.35
3742,2025-09-04,252.95677,255.42455,249.51382,250.87708,3365948.8,846256500.0,252.12,0.0,250.87708,249.67246863955543,1,238.48843383789062,1,239.82528060913086,1,0,1,1,1,0,2.74,2.26,-5.9702,-23.3966,0.477,0.499,60.4,68.32,4.49,0.47,0.6238,15.3
3743,2025-09-05,251.58357,254.47426,250.36958,251.51392,3310568.8,833396160.0,252.76,0.0,251.51392,250.3538629441034,1,239.06933233087713,1,239.91656745910643,1,0,1,1,1,0,1.19,1.15,-2.6602,-17.4554,0.498,0.521,53.47,64.36,4.49,0.47,0.5814,15.18
3744,2025-09-08,239.93628,246.03108,236.22963,241.70251,6344872.5,1535023900.0,242.9,0.0,241.70251,250.3928702218192,0,239.47977405894886,1,239.96929504394532,1,0,1,1,1,0,0.95,1.4,-5.4913,-7.338,0.476,0.485,52.48,66.34,4.49,0.47,0.6287,15.11
3745,2025-09-09,241.33435,242.51848,239.65268,241.52342,3669853.0,885626500.0,242.72,0.0,241.52342,250.32655261811755,0,239.87740450772372,1,240.01416137695313,1,0,1,1,1,0,0.68,0.87,-16.0034,-10.5321,0.503,0.506,55.45,65.35,4.49,0.47,0.5389,15.04
3746,2025-09-10,240.69751,241.70251,237.31924,239.19496,4966654.0,1186819300.0,240.38,0.0,239.19496,249.9656778971354,0,240.13426291725852,0,240.06617347717284,0,0,1,1,1,0,0.67,0.42,-25.3524,-30.042,0.481,0.494,53.47,61.39,4.49,0.47,0.5426,15.35
3747,2025-09-11,239.05565,241.14528,238.33928,240.19997,4343305.0,1041299500.0,241.39,0.0,240.19997,249.4916476295108,0,240.35819258256393,0,240.11207511901856,1,0,1,1,1,0,6.81,3.35,13.9411,0.7242,0.493,0.513,60.4,66.34,4.49,0.47,0.6832,14.71
3748,2025-09-12,238.90637,241.62292,238.4984,240.52835,3101060.0,745807040.0,241.72,0.0,240.52835,249.10124860491072,0,240.56862238103693,0,240.15417358398437,1,0,1,1,1,0,0.3,0.46,-16.5789,-18.2912,0.465,0.492,55.45,64.36,4.49,0.47,0.5769,14.76
3749,2025-09-15,240.19997,243.03592,237.23962,238.5581,3077827.5,737113540.0,239.74,0.0,238.5581,248.64205351329986,0,240.7338545365767,0,240.17808151245117,0,0,1,1,1,0,0.66,1.02,-26.0238,-15.6459,0.484,0.475,53.47,63.37,4.49,0.47,0.5358,15.69
3750,2025-09-16,238.69742,238.96112,234.9858,236.44855,3657632.8,864392960.0,237.62,0.0,236.44855,247.878422328404,0,240.79168118563567,0,240.18329849243165,0,0,1,1,1,0,0.6,0.87,-36.1647,-17.2664,0.51,0.489,52.48,63.37,4.49,0.47,0.5427,16.36
3751,2025-09-17,237.72224,239.63278,237.15515,238.26953,3439206.0,819431800.0,239.45,0.0,238.26953,247.17553492954798,0,240.8283505526456,0,240.17319099426268,0,0,1,1,1,0,1.35,1.73,-24.6942,-1.7339,0.527,0.502,55.45,63.37,4.49,0.47,0.5972,15.72
3752,2025-09-18,236.359,239.55318,236.03908,237.65259,3563104.8,848326900.0,238.83,0.0,237.65259,246.29972694033668,0,240.7952098499645,0,240.14936477661132,0,-1,1,1,1,0,1.77,1.4,-8.3763,6.6045,0.516,0.492,55.45,63.37,4.49,0.47,0.538,15.7
3753,2025-09-19,237.64761,238.60785,235.27438,236.99585,7479037.0,1775384300.0,238.17,0.0,236.99585,245.35534304664247,0,240.82386557839135,0,240.11861167907716,0,-1,1,1,1,1,0.73,1.1,-16.139,7.7603,0.515,0.48,58.42,63.37,4.49,0.47,0.4494,15.45
3754,2025-09-22,235.86147,239.13525,233.95093,236.26944,4710075.0,1114295600.0,237.44,0.0,236.26944,244.41650390625,0,240.7792782870206,0,240.09466361999512,0,-1,1,1,1,1,0.96,1.2,-15.9091,10.6899,0.511,0.48,54.46,66.34,4.49,0.47,0.4753,16.1
3755,2025-09-23,235.4336,239.59297,233.60265,238.30934,4691160.0,1113871700.0,239.49,0.0,238.30934,243.86802600678942,0,240.8280292857777,0,240.08076736450195,0,0,1,1,1,0,1.25,0.84,-8.9351,4.2303,0.51,0.496,56.44,66.34,4.49,0.47,0.4743,16.64
3756,2025-09-24,237.01575,241.17514,235.82167,237.2247,3701906.0,878869060.0,238.4,0.0,237.2247,243.27781386602493,0,240.8869873046875,0,240.0701619720459,0,0,1,1,1,0,0.78,0.75,-14.8403,-3.8583,0.523,0.499,55.45,69.31,4.49,0.47,0.5084,16.18
3757,2025-09-25,238.98598,241.11543,236.07043,236.76698,3843360.5,914441100.0,237.94,0.0,236.76698,242.69130379813058,0,241.00360801003197,0,240.0530340576172,0,0,1,1,1,0,0.31,0.46,-39.7972,-22.0716,0.478,0.436,50.5,66.34,4.49,0.47,0.5553,16.74
3758,2025-09-26,237.81181,239.07544,235.47339,236.2993,2556030.0,605260300.0,237.47,0.0,236.2993,242.07496788388207,0,241.1867245760831,0,240.03435546875,0,0,1,1,1,0,5.88,2.88,0.8165,5.0406,0.52,0.498,54.46,67.33,4.49,0.47,0.5087,15.29
3759,2025-09-29,236.28935,238.63773,235.90128,236.78688,3854813.8,913412800.0,237.96,0.0,236.78688,241.51962425595238,0,241.38573747114702,0,240.09156875610353,0,0,1,1,1,0,1.58,1.73,11.3117,17.3052,0.533,0.52,56.44,66.34,4.49,0.47,0.5168,16.12
3760,2025-09-30,236.78688,239.25465,236.62767,238.19989,4404831.5,1049985340.0,239.38,0.0,238.19989,240.92210824148995,0,241.60341020063922,0,240.13300354003906,0,0,1,1,1,0,1.5,1.1,18.956,16.8139,0.539,0.542,55.45,68.32,4.49,0.47,0.5834,16.28
3761,2025-10-01,238.21977,239.76213,230.41345,232.11005,5232507.5,1220075300.0,233.26,0.0,232.11005,239.84980119977678,0,241.74875932173296,0,240.13985359191895,0,-1,1,1,1,1,0.77,0.94,8.8633,12.3494,0.524,0.528,56.44,76.24,4.64,0.39,0.4773,16.29
3762,2025-10-02,231.3936,232.11005,228.58751,229.00543,4346924.0,997245500.0,230.14,0.0,229.00543,238.78270685105096,0,241.788623046875,0,240.1364483642578,0,-1,1,1,1,1,1.26,1.89,12.4748,25.3021,0.531,0.52,54.46,73.27,4.64,0.39,0.4666,16.63
3763,2025-10-03,228.88603,229.68677,225.99037,229.1348,3786067.0,863053100.0,230.27,0.0,229.1348,237.7473602294922,0,241.8616679798473,0,240.14023780822754,0,-1,1,1,1,1,1.8,1.0,24.0603,20.9037,0.529,0.542,58.42,74.26,4.64,0.39,0.5991,16.65
3764,2025-10-06,227.4382,227.93076,221.16428,223.85098,6202261.5,1385853200.0,224.96,0.0,223.85098,236.4300776890346,0,241.83539817116477,0,240.129768447876,0,-1,1,1,1,1,0.91,1.4,17.0891,25.4543,0.533,0.541,59.41,73.27,4.64,0.39,0.4537,16.37
3765,2025-10-07,223.89078,227.81633,222.47777,226.55756,3962266.5,896546900.0,227.68,0.0,226.55756,235.7088891892206,0,241.76080405495384,0,240.1759590911865,0,-1,1,1,1,1,0.68,0.53,3.8477,5.4555,0.522,0.525,59.41,72.28,4.64,0.39,0.4959,17.24
3766,2025-10-08,225.58238,225.7615,223.28378,225.46298,4080176.8,918588300.0,226.58,0.0,225.46298,234.94410632905505,0,241.65495050603693,0,240.21677536010742,0,-1,1,1,1,1,1.11,1.83,4.8823,18.3222,0.543,0.534,58.42,69.31,4.64,0.39,0.504,16.3
3767,2025-10-09,225.25401,226.94565,223.89078,225.09482,3320051.5,748615500.0,226.21,0.0,225.09482,234.27267092750185,0,241.53014387650924,0,240.26899421691894,0,-1,1,1,1,1,0.31,0.38,-23.0477,-7.6921,0.539,0.534,59.41,67.33,4.64,0.39,0.5384,16.43
3768,2025-10-10,226.11974,229.8811,224.72662,227.66208,5131600.5,1167729400.0,228.79,0.0,227.66208,233.67562866210938,0,241.20736583362927,0,240.3226767730713,0,0,0,1,1,0,0.18,0.15,-55.3784,-44.7473,0.478,0.464,40.59,57.43,4.64,0.39,0.6932,21.66
3769,2025-10-13,227.74168,228.84622,222.9554,223.95047,4721571.0,1061863100.0,225.06,0.0,223.95047,232.8862057640439,0,240.88831703879617,0,240.35115493774413,0,-1,0,1,1,0,2.47,3.21,-26.8829,-12.8394,0.491,0.474,46.53,63.37,4.64,0.39,0.5506,19.03
3770,2025-10-14,228.86612,229.51291,225.86101,228.28899,3913465.0,892055740.0,229.42,0.0,228.28899,232.39720008486793,0,240.7447839910334,0,240.39467948913574,0,0,0,1,1,0,3.44,1.59,3.9052,-0.3455,0.5,0.492,54.46,67.33,4.64,0.39,0.4923,20.81
3771,2025-10-15,228.05016,228.39844,225.25401,225.53264,3302864.8,747776400.0,226.65,0.0,225.53264,231.8773949032738,0,240.5320251464844,0,240.42112373352052,0,0,1,1,1,0,0.98,1.06,2.1195,0.4375,0.503,0.498,51.49,65.35,4.64,0.39,0.4834,20.64
3772,2025-10-16,228.65715,228.93579,224.13556,225.33362,4238648.0,956896500.0,226.45,0.0,225.33362,231.2613990420387,0,240.27364085804334,0,240.44982215881348,0,0,0,1,1,0,0.37,0.51,-21.9255,-16.7169,0.471,0.469,40.59,60.4,4.64,0.39,0.5595,25.31
3773,2025-10-17,226.03017,228.81636,225.56248,228.19943,3463660.5,788163260.0,229.33,0.0,228.19943,230.81124877929688,0,240.12451310591265,0,240.50446838378906,0,0,0,1,1,0,2.59,3.0,2.8448,10.0362,0.496,0.477,48.51,61.39,4.64,0.39,0.7179,20.78
3774,2025-10-20,227.80139,229.40346,225.28386,228.95567,4583879.0,1046003200.0,230.09,0.0,228.95567,230.42838323683966,0,240.0109499844638,0,240.5625511932373,0,0,1,1,1,0,4.87,5.73,34.8636,43.0085,0.523,0.512,56.44,64.36,4.64,0.39,0.4963,18.23
3775,2025-10-21,228.95567,229.3736,226.51776,227.95065,3598262.0,820937150.0,229.08,0.0,227.95065,230.0322505405971,0,239.8104248046875,0,240.62151672363282,0,0,1,1,1,0,1.48,1.59,38.78,47.2224,0.55,0.532,61.39,68.32,4.64,0.39,0.4785,17.87
3776,2025-10-22,224.31865,226.76653,217.69427,226.27893,6707941.5,1508822300.0,227.4,0.0,226.27893,229.4593738374256,0,239.61700411709873,0,240.67419136047363,0,0,1,1,1,0,0.65,0.4,21.775,17.9159,0.514,0.519,56.44,68.32,4.64,0.39,0.5295,18.6
3777,2025-10-23,224.63707,224.81618,214.75156,218.90547,9875100.0,2160130300.0,219.99,0.0,218.90547,228.58702959333147,0,239.284292047674,0,240.72313179016112,0,0,1,1,1,0,1.31,1.73,24.2925,27.4227,0.549,0.551,60.4,68.32,4.64,0.39,0.5998,17.3
3778,2025-10-24,218.9204,219.13434,214.53712,216.69643,5913578.5,1277920500.0,217.77,0.0,216.69643,227.63128880092077,0,238.84452958540484,0,240.7612484741211,0,0,1,1,1,0,1.07,1.24,21.3403,27.4931,0.592,0.588,61.39,67.33,4.64,0.39,0.5232,16.37
3779,2025-10-27,215.90533,220.54733,214.48737,219.59206,5997758.5,1310797400.0,220.68,0.0,219.59206,226.83570571172805,0,238.4204562100497,0,240.79816299438477,0,0,1,1,1,0,1.83,3.04,31.6767,47.2179,0.591,0.581,67.33,69.31,4.64,0.39,0.4604,15.79
3780,2025-10-28,217.84074,221.73148,217.17404,218.90547,4489823.5,985309800.0,219.99,0.0,218.90547,225.98421005975632,0,237.91376786665484,0,240.85242042541503,0,0,1,1,1,0,0.26,0.46,-3.5976,20.282,0.561,0.524,63.37,67.33,4.64,0.39,0.4692,16.42
3781,2025-10-29,219.45276,220.28116,211.07426,213.95001,8878332.0,1899065600.0,215.01,0.0,213.95001,224.82945396786644,0,237.25550259676848,0,240.8712664794922,0,-1,1,1,1,0,0.33,0.49,-29.7551,-1.8594,0.542,0.5,57.43,60.4,4.64,0.39,0.4407,16.92
3782,2025-10-30,214.15898,214.91524,208.5468,209.61151,6266124.5,1322621000.0,210.65,0.0,209.61151,223.75809515090216,0,236.54431679465554,0,240.8648754119873,0,-1,1,1,1,0,0.88,0.87,-29.8594,-6.9196,0.555,0.52,56.44,59.41,4.64,0.39,0.5672,16.91
3783,2025-10-31,208.25821,210.80063,206.61288,209.01448,4981058.0,1040220500.0,210.05,0.0,209.01448,222.80614507765998,0,235.8318309437145,0,240.85540069580077,0,0,1,1,1,0,1.09,1.32,-24.5078,-0.8834,0.537,0.5,55.45,59.41,4.64,0.39,0.547,17.44
3784,2025-11-03,208.27812,208.36768,201.73056,202.31766,7128424.5,1450014100.0,203.32,0.0,202.31766,221.52913847423736,0,234.9197010387074,0,240.80481086730958,0,-1,1,1,1,0,0.59,0.63,-34.9877,-13.9669,0.491,0.454,50.5,58.42,4.27,0.11,0.585,17.17
3785,2025-11-04,203.22316,205.83026,202.48682,205.27301,4961858.5,1015821760.0,206.29,0.0,205.27301,220.64447312127976,0,234.05138910466974,0,240.75314514160155,0,0,1,1,1,0,0.78,0.4,-36.8746,-35.266,0.458,0.438,50.5,57.43,4.27,0.11,0.6594,19.0
3786,2025-11-05,204.59636,206.23822,203.10376,203.73065,3481093.5,709504060.0,204.74,0.0,203.73065,219.55747767857142,0,233.10022721724076,0,240.6912075805664,0,-1,1,1,1,0,1.61,1.66,-20.4047,-19.3555,0.491,0.46,48.51,58.42,4.27,0.11,0.5738,18.01
3787,2025-11-06,201.21313,202.47678,198.42693,200.01903,5938932.5,1189285100.0,201.01,0.0,200.01903,218.34586079915366,0,232.06733842329547,0,240.61716133117676,0,-1,0,1,1,0,0.48,0.19,-35.7376,-52.3452,0.444,0.435,46.53,56.44,4.27,0.11,0.5575,19.5
3788,2025-11-07,201.67085,207.54674,200.59047,205.9795,6496146.5,1335998600.0,207.0,0.0,205.9795,217.43560791015625,0,231.1581465287642,0,240.58345306396484,0,0,0,1,1,0,3.47,1.43,-3.2307,-37.1525,0.447,0.461,49.5,58.42,4.27,0.11,0.6299,19.08
3789,2025-11-10,205.17351,206.16359,203.46199,204.85507,4099919.2,839505900.0,205.87,0.0,204.85507,216.3495599655878,0,230.34046825062146,0,240.5316668701172,0,0,1,1,1,0,1.66,2.61,9.4093,-10.5232,0.444,0.459,50.5,57.43,4.27,0.11,0.4905,17.6
3790,2025-11-11,207.0741,211.15886,206.47206,210.93495,5068466.0,1065829950.0,211.98,0.0,210.93495,215.72977338518416,0,229.6371190851385,0,240.49619987487793,0,0,1,1,1,0,2.19,1.35,26.3571,-2.554,0.47,0.507,57.43,60.4,4.27,0.11,0.6973,17.28
3791,2025-11-12,210.66629,213.63658,209.63779,211.6315,3572297.0,758380200.0,212.68,0.0,211.6315,214.93655976795014,0,228.95617009943183,0,240.46564331054688,0,0,1,1,1,0,1.44,1.13,31.1348,-0.1533,0.49,0.541,58.42,62.38,4.27,0.11,0.5644,17.51
3792,2025-11-13,210.95486,215.72395,210.56679,213.51219,5579015.0,1194044300.0,214.57,0.0,213.51219,214.3641575404576,0,228.30653076171876,0,240.37551635742187,0,0,0,1,1,0,0.35,0.29,1.9303,-28.3277,0.466,0.521,52.48,60.4,4.27,0.11,0.6453,20.0
3793,2025-11-14,216.38795,217.10439,213.42264,215.01476,4905117.5,1055250400.0,216.08,0.0,215.01476,213.87278311593192,1,227.69863364479758,0,240.29674224853517,0,0,0,1,1,0,0.58,0.63,-12.3776,-36.4336,0.448,0.505,52.48,59.41,4.27,0.11,0.6257,19.83
3794,2025-11-17,214.8456,217.25366,213.95001,214.77592,7416449.5,1596511200.0,215.84,0.0,214.77592,213.2335684640067,1,227.04460088556462,0,240.22366645812988,0,0,0,0,1,0,0.23,0.29,-42.6796,-59.0235,0.432,0.487,37.62,56.44,4.27,0.11,0.7644,22.38
3795,2025-11-18,215.91031,215.91031,211.00471,212.02954,5886269.5,1253270700.0,213.08,0.0,212.02954,212.4275621686663,0,226.27007446289062,0,240.11160278320312,0,0,0,0,1,0,0.99,0.77,-37.1616,-57.2508,0.447,0.493,35.64,57.43,4.27,0.11,0.703,24.69
3796,2025-11-19,211.62155,212.20865,209.12393,210.22847,3702293.0,778034050.0,211.27,0.0,210.22847,211.58364868164062,0,225.5212391246449,0,239.99471847534178,0,0,0,0,1,0,0.64,0.8,-43.004,-54.4587,0.429,0.47,38.61,57.43,4.27,0.11,0.6253,23.66
3797,2025-11-20,210.27821,211.27577,208.85526,209.4722,5285319.0,1108761500.0,210.51,0.0,209.4722,210.7833281017485,0,224.76842318448152,0,239.84855072021483,0,0,0,0,1,0,0.43,0.13,-56.8595,-84.4724,0.426,0.467,32.67,53.47,4.27,0.11,0.5895,26.42
3798,2025-11-21,207.00941,210.31802,205.66109,208.44728,6318158.0,1314556400.0,209.48,0.0,208.44728,210.28531901041666,0,223.9853934548118,0,239.6739224243164,0,0,0,0,1,0,8.13,3.39,-9.2583,-44.3652,0.444,0.479,40.59,55.45,4.27,0.11,0.5557,23.43
3799,2025-11-24,207.85025,208.21841,204.5068,206.31783,8066136.0,1662381700.0,207.34,0.0,206.31783,209.79109991164435,0,223.34203546697444,0,239.49322540283202,0,0,0,1,1,0,1.07,1.97,-5.7568,-20.7429,0.438,0.468,41.58,54.46,4.27,0.11,0.577,20.52
3800,2025-11-25,206.68602,208.76572,205.4773,205.88,6309456.0,1299973000.0,206.9,0.0,205.88,209.13814508347284,0,222.69397333318537,0,239.26312591552735,0,0,1,1,1,0,5.76,4.05,30.6657,13.4193,0.461,0.485,48.51,57.43,4.27,0.11,0.7595,18.56
3801,2025-11-26,205.77,207.4,205.33,206.73,4003236.0,826696960.0,206.73,0.0,206.73,208.55836050851005,0,222.1037012273615,0,239.02314674377442,0,0,1,1,1,0,2.54,2.48,48.1668,33.65,0.479,0.497,54.46,58.42,4.27,0.11,0.691,17.21
3802,2025-11-28,206.73,210.49,206.23,209.01,1633942.0,340793950.0,209.01,0.0,209.01,208.3231215704055,1,221.53661082874646,0,238.81140495300292,0,0,1,1,1,0,3.05,6.21,66.4751,65.6305,0.543,0.547,55.45,60.4,4.27,0.11,0.4365,16.35
3803,2025-12-01,208.97,209.11,205.57,206.63,3025947.0,625371650.0,206.63,0.0,206.63,208.18114507765998,0,220.9202772660689,0,238.53951606750488,0,0,1,1,1,0,0.37,0.53,33.3899,41.1605,0.539,0.537,52.48,58.42,4.6,0.4,0.5944,17.24
3804,2025-12-02,207.6,210.62,205.805,210.13,4077114.0,853222700.0,210.13,0.0,210.13,208.23426528204055,1,220.40340270996094,0,238.25689262390136,0,0,1,1,1,0,0.76,2.74,21.0705,58.6468,0.589,0.562,52.48,57.43,4.6,0.4,0.5378,16.59
3805,2025-12-03,209.63,211.81,207.28,208.51,3999644.0,834925300.0,208.51,0.0,208.51,208.52913847423736,0,219.89542902166193,0,238.0036099243164,0,0,1,1,1,0,2.04,2.16,34.5357,68.3538,0.614,0.579,56.44,61.39,4.6,0.4,0.5785,16.08
3806,2025-12-04,209.36,210.0,206.71,208.01,3694312.0,768736000.0,208.01,0.0,208.01,208.6594710577102,0,219.34525562633166,0,237.7471379852295,0,0,1,1,1,0,1.01,0.63,29.0437,46.6085,0.608,0.59,60.4,62.38,4.6,0.4,0.5,15.78
3807,2025-12-05,208.06,211.63,207.6725,209.63,3461476.0,726550660.0,209.63,0.0,209.63,208.94039263044084,1,218.83575411709873,0,237.48867362976074,0,0,1,1,1,0,1.06,1.73,25.2979,52.5357,0.659,0.612,59.41,65.35,4.6,0.4,0.4301,15.41
3808,2025-12-08,209.525,209.7,203.67,204.44,4613231.0,945688900.0,204.44,0.0,204.44,209.15091523670014,0,218.24382962313567,0,237.2053914642334,0,0,1,1,1,0,0.46,0.54,1.8492,28.9745,0.617,0.554,55.45,62.38,4.6,0.4,0.6492,16.66
3809,2025-12-09,205.54,206.15,199.17,201.35,6484107.0,1307628800.0,201.35,0.0,201.35,208.93046279180618,0,217.608930830522,0,236.89208671569824,0,0,1,1,1,0,0.76,0.98,-6.4557,23.1897,0.6,0.545,51.49,62.38,4.6,0.4,0.5242,16.93
3810,2025-12-10,202.45,202.715,194.89,195.32,8175844.0,1604605000.0,195.32,0.0,195.32,208.4764120919364,0,216.8273065740412,0,236.53676704406737,0,0,1,1,1,0,3.44,2.37,20.938,38.9199,0.59,0.538,61.39,65.35,4.6,0.4,0.5942,15.77
3811,2025-12-11,196.65,197.75,194.65,195.33,4627723.0,904583800.0,195.33,0.0,195.33,207.73331923711868,0,216.0655847722834,0,236.21576293945313,0,0,1,1,1,0,2.78,1.33,40.312,38.8775,0.576,0.539,66.34,67.33,4.6,0.4,0.591,14.85
3812,2025-12-12,194.235,197.875,194.01,195.16,4635255.0,905747100.0,195.16,0.0,195.16,206.94896225702195,0,215.30909423828126,0,235.8910040283203,0,-1,1,1,1,0,0.79,0.55,27.152,17.2905,0.526,0.508,69.31,70.3,4.6,0.4,0.575,15.74
3813,2025-12-15,195.985,197.96,194.3,196.16,5157598.0,1013201660.0,196.16,0.0,196.16,206.12266758510046,0,214.5792888294567,0,235.53963134765624,0,-1,1,1,1,0,1.3,1.06,28.2536,14.6187,0.543,0.538,71.29,70.3,4.6,0.4,0.5837,16.5
3814,2025-12-16,196.94,199.675,195.96,198.0,5685801.0,1127260400.0,198.0,0.0,198.0,205.31244114467077,0,213.87407282049006,0,235.1819482421875,0,-1,1,1,1,0,0.36,0.75,-0.9119,3.7461,0.512,0.521,65.35,68.32,4.6,0.4,0.737,16.48
3815,2025-12-17,198.01,201.34,197.97,199.38,6266229.0,1250835300.0,199.38,0.0,199.38,204.57930210658483,0,213.1682567249645,0,234.87157135009767,0,0,0,0,1,0,1.05,0.43,-1.0934,-18.5687,0.474,0.505,62.38,69.31,4.6,0.4,0.7477,17.62
3816,2025-12-18,199.19,202.37,199.19,200.27,6862942.0,1375933400.0,200.27,0.0,200.27,204.01932416643416,0,212.5893468683416,0,234.57507926940917,0,0,0,1,1,0,1.12,2.33,0.2595,2.4449,0.505,0.508,63.37,69.31,4.6,0.4,0.5905,16.87
3817,2025-12-19,200.85,201.255,196.11,196.73,17206060.0,3398209300.0,196.73,0.0,196.73,203.3765396844773,0,212.0025207519531,0,234.25984970092773,0,0,1,1,1,0,1.31,2.16,5.3015,18.7162,0.51,0.513,64.36,68.32,4.6,0.4,0.5852,14.91
3818,2025-12-22,195.81,197.195,194.705,195.76,4712415.0,922236300.0,195.76,0.0,195.76,202.72357759021577,0,211.3957061767578,0,233.92845848083496,0,0,1,1,1,1,3.49,2.48,30.633,35.5049,0.547,0.56,69.31,68.32,4.6,0.4,0.6114,14.08
3819,2025-12-23,195.85,197.9598,195.76,197.67,4404066.0,868671600.0,197.67,0.0,197.67,202.2103736514137,0,210.9196882768111,0,233.59975112915038,0,0,1,1,1,0,0.76,0.77,17.5457,21.9589,0.541,0.56,68.32,68.32,4.6,0.4,0.459,14.0
3820,2025-12-24,197.65,199.14,197.08,199.02,1312010.0,260767400.0,199.02,0.0,199.02,201.86285836356026,0,210.41900551535866,0,233.32699256896973,0,0,1,1,1,0,3.5,3.0,40.9273,41.703,0.545,0.56,68.32,69.31,4.6,0.4,0.5663,13.47
3821,2025-12-26,199.15,201.06,198.74,201.0,1979483.0,396796900.0,201.0,0.0,201.0,201.63047717866442,0,209.97422402121805,0,233.06937004089355,0,0,1,1,1,0,1.15,1.59,36.3551,44.7618,0.55,0.54,70.3,67.33,4.6,0.4,0.6368,13.6
3822,2025-12-29,201.7,204.18,201.43,203.15,4402314.0,895208450.0,203.15,0.0,203.15,201.46000090099517,1,209.57522721724078,0,232.80525810241699,0,0,1,1,1,0,0.71,0.55,20.3551,21.4106,0.55,0.537,69.31,70.3,4.6,0.4,0.6657,14.2
3823,2025-12-30,202.07,204.21,201.68,203.8,3037798.0,618795460.0,203.8,0.0,203.8,201.21190606980096,1,209.1413712935014,0,232.55980796813964,0,0,1,1,1,0,0.63,0.47,3.5181,-2.3052,0.53,0.519,68.32,70.3,4.6,0.4,0.5105,14.33
3824,2025-12-31,202.5,204.24,202.0,203.04,3239542.0,658567360.0,203.04,0.0,203.04,201.04095313662575,1,208.76118080832742,0,232.28986053466798,0,0,0,1,1,0,0.04,0.01,-45.979,-53.5806,0.488,0.496,60.4,69.31,4.6,0.4,0.925,14.95
3825,2026-01-02,202.25,202.69,199.03,199.58,3826201.0,766247230.0,199.58,0.0,199.58,200.53857203892298,0,208.2391992742365,0,231.99984703063964,0,0,1,1,1,0,1.87,0.87,-26.3228,-51.6086,0.505,0.51,60.4,65.35,,,0.5554,14.51
3826,2026-01-05,199.165,202.44,198.43,200.86,4021945.0,806885760.0,200.86,0.0,200.86,200.1742866152809,1,207.79060585715553,0,231.72354431152343,0,0,1,1,1,0,2.13,1.83,-6.4607,-31.4933,0.499,0.525,64.36,66.34,,,0.542,14.9
3827,2026-01-06,200.2,200.9411,197.16,198.6,3240436.0,644153000.0,198.6,0.0,198.6,199.7261919294085,0,207.30454018332742,0,231.44690757751465,0,0,1,1,1,0,3.09,2.64,18.0365,-6.2941,0.504,0.544,66.34,71.29,,,0.5771,14.75
3828,2026-01-07,198.6,199.87,195.615,197.29,3737391.0,737467260.0,197.29,0.0,197.29,199.13857232956659,0,206.74255038174715,0,231.1695989227295,0,0,1,1,1,0,0.29,0.74,-13.9913,-14.6921,0.475,0.489,65.35,66.34,,,0.6326,15.38
3829,2026-01-08,196.61,199.545,195.74,197.91,5185120.0,1025586900.0,197.91,0.0,197.91,198.82762000674293,0,206.17808366255326,0,230.87997871398926,0,0,1,1,1,0,2.42,0.96,6.8063,-15.3536,0.48,0.517,71.29,72.28,,,0.4882,15.45
3830,2026-01-09,196.48,202.05,196.4,200.56,3829867.0,767539650.0,200.56,0.0,200.56,198.79000055222284,1,205.68007174405184,0,230.6046457672119,0,0,1,1,1,0,1.28,1.55,9.8666,-4.0776,0.466,0.495,65.35,73.27,,,0.4692,14.49
3831,2026-01-12,200.335,200.77,196.47,197.51,5271059.0,1044661060.0,197.51,0.0,197.51,198.894285656157,0,205.15700017755682,0,230.29548965454103,0,0,1,1,1,0,0.98,0.76,5.7485,-12.0634,0.448,0.491,65.35,72.28,,,0.6608,15.12
3832,2026-01-13,197.22,197.39,188.12,189.67,7654198.0,1459271000.0,189.67,0.0,189.67,198.62476167224702,0,204.62544611150568,0,229.9186318206787,0,0,1,1,1,0,1.1,0.85,5.0826,-15.8897,0.458,0.502,59.41,70.3,,,0.6964,15.98
3833,2026-01-14,189.15,192.14,189.0,192.02,5292361.0,1012399900.0,192.02,0.0,192.02,198.47523789178757,0,204.17678389115767,0,229.5700718688965,0,0,1,1,1,0,1.73,0.69,15.5482,-24.1602,0.467,0.527,63.37,72.28,,,0.7669,16.75
3834,2026-01-15,192.36,192.69,189.16,190.66,5449971.0,1038219900.0,190.66,0.0,190.66,198.2133331298828,0,203.65074657093396,0,229.20591934204103,0,0,1,1,1,0,1.61,0.84,22.8249,-26.5661,0.512,0.585,62.38,71.29,,,0.5156,15.84
3835,2026-01-16,190.195,190.49,185.18,186.32,8248295.0,1539401500.0,186.32,0.0,186.32,197.65714300246466,0,203.05828358043323,0,228.8110272216797,0,0,1,1,1,0,0.82,0.84,12.3086,-28.4904,0.511,0.565,60.4,70.3,,,0.4582,15.86
3836,2026-01-20,185.36,186.59,183.34,183.65,9026885.0,1665104600.0,183.65,0.0,183.65,196.90809486025856,0,202.50737415660512,0,228.42244491577148,0,0,0,0,1,0,0.25,0.36,-21.9136,-48.805,0.473,0.517,57.43,68.32,,,0.5183,20.09
3837,2026-01-21,182.99,184.87,181.36,183.6,8188006.0,1498004700.0,183.6,0.0,183.6,196.11428542364212,0,202.0344376997514,0,228.01716354370117,0,0,0,1,1,0,4.65,3.39,11.2822,-15.4349,0.478,0.524,61.39,71.29,,,0.4632,16.9
3838,2026-01-22,183.75,186.31,183.75,185.39,6502744.0,1204006800.0,185.39,0.0,185.39,195.57428559802827,0,201.60490167791193,0,227.71853836059572,0,0,1,1,1,0,1.33,2.23,14.302,4.9459,0.504,0.558,63.37,71.29,,,0.4073,15.64
3839,2026-01-23,184.49,186.94,183.9,186.03,4827853.0,897111740.0,186.03,0.0,186.03,195.11095246814546,0,201.30876242897727,0,227.4302262878418,0,0,1,1,1,0,0.58,0.91,-3.5343,0.8716,0.503,0.524,62.38,71.29,,,0.5804,16.09
3840,2026-01-26,186.98,188.86,186.65,187.96,4772067.0,897309700.0,187.96,0.0,187.96,194.64857192266555,0,200.99398054643112,0,227.1533918762207,0,0,1,1,1,0,1.71,1.89,7.7275,15.2054,0.507,0.531,66.34,72.28,,,0.5585,16.15
3841,2026-01-27,187.15,187.54,183.26,184.49,6791289.0,1253651500.0,184.49,0.0,184.49,193.95666721888952,0,200.64415061257102,0,226.81672660827635,0,0,1,1,1,0,0.87,1.24,0.6911,17.4838,0.519,0.528,63.37,71.29,,,0.5418,16.35
3842,2026-01-28,185.125,188.13,184.49,186.25,7418888.0,1382882200.0,186.25,0.0,186.25,193.25428626650856,0,200.39380465420808,0,226.48283493041993,0,0,1,1,1,0,0.61,0.68,-14.076,4.493,0.514,0.514,58.42,68.32,,,0.5687,16.35
3843,2026-01-29,186.56,190.08,186.25,189.28,5916988.0,1116558800.0,189.28,0.0,189.28,192.59381030854723,0,200.09017722389916,0,226.15149703979492,0,0,1,1,1,0,1.35,0.68,-6.8898,-6.6367,0.514,0.508,62.38,68.32,,,0.5237,16.88
3844,2026-01-30,193.32,197.32,192.7,197.21,10733409.0,2105186000.0,197.21,0.0,197.21,192.2800009591239,1,199.95117603648794,0,225.84019874572755,0,0,1,1,1,0,0.96,0.55,-9.2222,-21.0698,0.504,0.495,65.35,70.3,,,0.5769,17.44
3845,2026-02-02,196.63,199.4,194.09,194.99,7820859.0,1528861300.0,194.99,0.0,194.99,191.89666820707777,1,199.66126792214135,0,225.49769622802734,0,0,1,1,1,0,1.37,1.4,-2.3214,-10.5325,0.517,0.508,66.34,70.3,,,0.6474,16.34
3846,2026-02-03,193.13,199.52,193.13,197.68,6009657.0,1189690200.0,197.68,0.0,197.68,191.80619158063615,1,199.40760414817117,0,225.20356689453126,0,0,0,1,1,0,1.18,0.51,-0.0792,-26.223,0.523,0.542,63.37,72.28,,,0.5333,18.0
3847,2026-02-04,201.51,203.195,198.73,201.79,7878454.0,1590243800.0,201.79,0.0,201.79,191.85047694614954,1,199.19447326660156,1,224.9181324005127,0,0,0,1,1,0,2.61,1.02,19.9657,-22.6755,0.497,0.532,64.36,73.27,,,0.6329,18.64
3848,2026-02-05,202.67,204.82,199.745,201.86,7196339.0,1453955800.0,201.86,0.0,201.86,192.00571477980841,1,198.9552959095348,1,224.6753313446045,0,0,0,0,1,0,0.57,0.46,0.8213,-38.3409,0.459,0.511,60.4,71.29,,,0.646,21.77
3849,2026-02-06,201.5,202.48,196.82,197.39,5081636.0,1006669950.0,197.39,0.0,197.39,192.01047697521392,1,198.63918817693536,0,224.38637130737305,0,0,1,1,1,0,3.92,3.21,28.0023,-6.9887,0.488,0.554,64.36,70.3,,,0.5785,17.76
3850,2026-02-09,196.71,198.24,195.12,197.66,4728533.0,933162430.0,197.66,0.0,197.66,191.99857221330916,1,198.37792386141692,0,224.09357452392578,0,0,1,1,1,0,1.11,1.15,24.0207,-2.9199,0.476,0.544,63.37,72.28,,,0.6034,17.36
3851,2026-02-10,196.5,199.71,196.17,199.43,6747578.0,1339908900.0,199.43,0.0,199.43,191.94476245698473,1,198.1815879128196,1,223.79564849853514,0,0,1,1,1,0,1.5,0.8,27.8964,-8.3373,0.465,0.557,60.4,72.28,,,0.7826,17.79
3852,2026-02-11,191.33,210.48,188.15,209.54,12960796.0,2638914300.0,209.54,0.0,209.54,192.51761954171317,1,198.18282054554334,1,223.69354743957518,0,0,1,1,1,0,1.31,1.2,27.8435,-3.0265,0.479,0.576,57.43,71.29,,,0.6665,17.65
